series	publishers	accepted	rejected	ops_per_second	p50_ms	p95_ms	p99_ms	alloc_delta_bytes	total_alloc_delta_bytes	max_queue_depth	descriptors
100	1	20000	0	277053.3	0.001119	0.001480	0.001860	552	552	0	100
1000	1	20000	0	269385.5	0.001117	0.001719	0.001880	104	104	0	1000
10000	1	20000	0	302282.4	0.001105	0.001208	0.001516	104	104	0	10000
100	10	20000	0	430032.2	0.001267	0.003607	0.004473	6160	6160	0	100
1000	10	20000	0	344398.1	0.001501	0.004690	0.194385	4080	4080	0	1000
10000	10	20000	0	397803.0	0.001430	0.004304	0.477515	4080	4080	0	10000
100	100	20000	0	396348.3	0.001468	0.004347	5.330887	51776	51776	0	100
1000	100	20000	0	404452.7	0.001323	0.003724	2.817135	34656	34656	0	1000
10000	100	20000	0	401295.5	0.001607	0.003689	0.849955	0	7680	0	10000
