key	value
investigation	INV-014
run_date_utc	2026-08-03T07:18:01Z
repository_head_sha	6f560eefa1cf06d8633ed2fbc889873a55f0c10e
benchmark_scope_diff_clean	true
benchmark_code_fingerprint_sha256	5a5066721a556bba9ce836e691757ceeefbab9eac05e3d6f5cab7c6ae027c1b3
host_uname	Linux denis-fomenkov 6.8.0-124-generic #124~22.04.1-Ubuntu SMP PREEMPT_DYNAMIC Tue May 26 21:05:19 UTC  x86_64 x86_64 x86_64 GNU/Linux 
docker_server_version	27.4.0
docker_architecture	x86_64
container_kernel	Linux 0e10c4b1773b 6.10.14-linuxkit #1 SMP PREEMPT_DYNAMIC Fri Nov 29 17:24:06 UTC 2024 x86_64 Linux
