section	shape	iteration	metric	value	unit
ingestion	100	1	p50_ns	111337	ns
ingestion	100	1	p95_ns	125911	ns
ingestion	100	1	p99_ns	125911	ns
ingestion	100	1	accepted	10	count
ingestion	100	1	achieved_per_second	110.971	ops/s
ingestion	100	2	p50_ns	29639	ns
ingestion	100	2	p95_ns	62633	ns
ingestion	100	2	p99_ns	62633	ns
ingestion	100	2	accepted	10	count
ingestion	100	2	achieved_per_second	111.075	ops/s
ingestion	100	3	p50_ns	28097	ns
ingestion	100	3	p95_ns	50647	ns
ingestion	100	3	p99_ns	50647	ns
ingestion	100	3	accepted	10	count
ingestion	100	3	achieved_per_second	111.078	ops/s
ingestion	100	4	p50_ns	51482	ns
ingestion	100	4	p95_ns	75265	ns
ingestion	100	4	p99_ns	75265	ns
ingestion	100	4	accepted	10	count
ingestion	100	4	achieved_per_second	111.013	ops/s
ingestion	100	5	p50_ns	34874	ns
ingestion	100	5	p95_ns	59661	ns
ingestion	100	5	p99_ns	59661	ns
ingestion	100	5	accepted	10	count
ingestion	100	5	achieved_per_second	111.070	ops/s
ingestion	100	6	p50_ns	28522	ns
ingestion	100	6	p95_ns	46490	ns
ingestion	100	6	p99_ns	46490	ns
ingestion	100	6	accepted	10	count
ingestion	100	6	achieved_per_second	111.077	ops/s
ingestion	100	7	p50_ns	27142	ns
ingestion	100	7	p95_ns	59294	ns
ingestion	100	7	p99_ns	59294	ns
ingestion	100	7	accepted	10	count
ingestion	100	7	achieved_per_second	111.078	ops/s
ingestion	100	8	p50_ns	28031	ns
ingestion	100	8	p95_ns	61111	ns
ingestion	100	8	p99_ns	61111	ns
ingestion	100	8	accepted	10	count
ingestion	100	8	achieved_per_second	111.018	ops/s
ingestion	100	9	p50_ns	28573	ns
ingestion	100	9	p95_ns	61058	ns
ingestion	100	9	p99_ns	61058	ns
ingestion	100	9	accepted	10	count
ingestion	100	9	achieved_per_second	110.994	ops/s
ingestion	100	10	p50_ns	26921	ns
ingestion	100	10	p95_ns	28823	ns
ingestion	100	10	p99_ns	28823	ns
ingestion	100	10	accepted	10	count
ingestion	100	10	achieved_per_second	111.075	ops/s
ingestion	1000	1	p50_ns	26203	ns
ingestion	1000	1	p95_ns	62181	ns
ingestion	1000	1	p99_ns	63764	ns
ingestion	1000	1	accepted	100	count
ingestion	1000	1	achieved_per_second	1009.832	ops/s
ingestion	1000	2	p50_ns	26523	ns
ingestion	1000	2	p95_ns	62012	ns
ingestion	1000	2	p99_ns	63893	ns
ingestion	1000	2	accepted	100	count
ingestion	1000	2	achieved_per_second	1009.494	ops/s
ingestion	1000	3	p50_ns	33471	ns
ingestion	1000	3	p95_ns	67721	ns
ingestion	1000	3	p99_ns	70938	ns
ingestion	1000	3	accepted	100	count
ingestion	1000	3	achieved_per_second	1009.773	ops/s
ingestion	1000	4	p50_ns	26688	ns
ingestion	1000	4	p95_ns	62057	ns
ingestion	1000	4	p99_ns	63035	ns
ingestion	1000	4	accepted	100	count
ingestion	1000	4	achieved_per_second	1009.786	ops/s
ingestion	1000	5	p50_ns	26514	ns
ingestion	1000	5	p95_ns	42407	ns
ingestion	1000	5	p99_ns	59223	ns
ingestion	1000	5	accepted	100	count
ingestion	1000	5	achieved_per_second	1009.842	ops/s
ingestion	1000	6	p50_ns	27150	ns
ingestion	1000	6	p95_ns	61464	ns
ingestion	1000	6	p99_ns	70558	ns
ingestion	1000	6	accepted	100	count
ingestion	1000	6	achieved_per_second	1009.812	ops/s
ingestion	1000	7	p50_ns	26535	ns
ingestion	1000	7	p95_ns	59655	ns
ingestion	1000	7	p99_ns	61850	ns
ingestion	1000	7	accepted	100	count
ingestion	1000	7	achieved_per_second	1009.842	ops/s
ingestion	1000	8	p50_ns	27597	ns
ingestion	1000	8	p95_ns	64143	ns
ingestion	1000	8	p99_ns	69246	ns
ingestion	1000	8	accepted	100	count
ingestion	1000	8	achieved_per_second	1009.816	ops/s
ingestion	1000	9	p50_ns	26650	ns
ingestion	1000	9	p95_ns	60227	ns
ingestion	1000	9	p99_ns	62128	ns
ingestion	1000	9	accepted	100	count
ingestion	1000	9	achieved_per_second	1009.781	ops/s
ingestion	1000	10	p50_ns	26457	ns
ingestion	1000	10	p95_ns	63395	ns
ingestion	1000	10	p99_ns	77218	ns
ingestion	1000	10	accepted	100	count
ingestion	1000	10	achieved_per_second	1009.836	ops/s
ingestion	10000	1	p50_ns	27375	ns
ingestion	10000	1	p95_ns	66828	ns
ingestion	10000	1	p99_ns	75115	ns
ingestion	10000	1	accepted	1000	count
ingestion	10000	1	achieved_per_second	10003.815	ops/s
ingestion	10000	2	p50_ns	26468	ns
ingestion	10000	2	p95_ns	62411	ns
ingestion	10000	2	p99_ns	71705	ns
ingestion	10000	2	accepted	1000	count
ingestion	10000	2	achieved_per_second	10007.412	ops/s
ingestion	10000	3	p50_ns	26406	ns
ingestion	10000	3	p95_ns	63583	ns
ingestion	10000	3	p99_ns	68665	ns
ingestion	10000	3	accepted	1000	count
ingestion	10000	3	achieved_per_second	10007.406	ops/s
ingestion	10000	4	p50_ns	27016	ns
ingestion	10000	4	p95_ns	66039	ns
ingestion	10000	4	p99_ns	77324	ns
ingestion	10000	4	accepted	1000	count
ingestion	10000	4	achieved_per_second	10003.750	ops/s
ingestion	10000	5	p50_ns	26434	ns
ingestion	10000	5	p95_ns	64458	ns
ingestion	10000	5	p99_ns	70922	ns
ingestion	10000	5	accepted	1000	count
ingestion	10000	5	achieved_per_second	10007.061	ops/s
ingestion	10000	6	p50_ns	26267	ns
ingestion	10000	6	p95_ns	42767	ns
ingestion	10000	6	p99_ns	63247	ns
ingestion	10000	6	accepted	1000	count
ingestion	10000	6	achieved_per_second	10007.259	ops/s
ingestion	10000	7	p50_ns	26423	ns
ingestion	10000	7	p95_ns	63093	ns
ingestion	10000	7	p99_ns	66402	ns
ingestion	10000	7	accepted	1000	count
ingestion	10000	7	achieved_per_second	10007.291	ops/s
ingestion	10000	8	p50_ns	26431	ns
ingestion	10000	8	p95_ns	64274	ns
ingestion	10000	8	p99_ns	72444	ns
ingestion	10000	8	accepted	1000	count
ingestion	10000	8	achieved_per_second	10007.382	ops/s
ingestion	10000	9	p50_ns	26566	ns
ingestion	10000	9	p95_ns	63878	ns
ingestion	10000	9	p99_ns	95230	ns
ingestion	10000	9	accepted	1000	count
ingestion	10000	9	achieved_per_second	10003.697	ops/s
ingestion	10000	10	p50_ns	26336	ns
ingestion	10000	10	p95_ns	62825	ns
ingestion	10000	10	p99_ns	69058	ns
ingestion	10000	10	accepted	1000	count
ingestion	10000	10	achieved_per_second	10007.264	ops/s
cardinality	100	1	encode_ns	31760	ns
cardinality	100	1	bytes	5080	bytes
cardinality	100	2	encode_ns	30693	ns
cardinality	100	2	bytes	5080	bytes
cardinality	100	3	encode_ns	31952	ns
cardinality	100	3	bytes	5080	bytes
cardinality	100	4	encode_ns	30911	ns
cardinality	100	4	bytes	5080	bytes
cardinality	100	5	encode_ns	45236	ns
cardinality	100	5	bytes	5080	bytes
cardinality	100	6	encode_ns	49375	ns
cardinality	100	6	bytes	5080	bytes
cardinality	100	7	encode_ns	75089	ns
cardinality	100	7	bytes	5080	bytes
cardinality	100	8	encode_ns	63125	ns
cardinality	100	8	bytes	5080	bytes
cardinality	100	9	encode_ns	57900	ns
cardinality	100	9	bytes	5080	bytes
cardinality	100	10	encode_ns	67709	ns
cardinality	100	10	bytes	5080	bytes
cardinality	1000	1	encode_ns	631374	ns
cardinality	1000	1	bytes	52780	bytes
cardinality	1000	2	encode_ns	589550	ns
cardinality	1000	2	bytes	52780	bytes
cardinality	1000	3	encode_ns	554251	ns
cardinality	1000	3	bytes	52780	bytes
cardinality	1000	4	encode_ns	492598	ns
cardinality	1000	4	bytes	52780	bytes
cardinality	1000	5	encode_ns	536000	ns
cardinality	1000	5	bytes	52780	bytes
cardinality	1000	6	encode_ns	503637	ns
cardinality	1000	6	bytes	52780	bytes
cardinality	1000	7	encode_ns	512060	ns
cardinality	1000	7	bytes	52780	bytes
cardinality	1000	8	encode_ns	498363	ns
cardinality	1000	8	bytes	52780	bytes
cardinality	1000	9	encode_ns	605862	ns
cardinality	1000	9	bytes	52780	bytes
cardinality	1000	10	encode_ns	635883	ns
cardinality	1000	10	bytes	52780	bytes
cardinality	10000	1	encode_ns	6503844	ns
cardinality	10000	1	bytes	547780	bytes
cardinality	10000	2	encode_ns	3776433	ns
cardinality	10000	2	bytes	547780	bytes
cardinality	10000	3	encode_ns	4655491	ns
cardinality	10000	3	bytes	547780	bytes
cardinality	10000	4	encode_ns	4389960	ns
cardinality	10000	4	bytes	547780	bytes
cardinality	10000	5	encode_ns	6080939	ns
cardinality	10000	5	bytes	547780	bytes
cardinality	10000	6	encode_ns	3987769	ns
cardinality	10000	6	bytes	547780	bytes
cardinality	10000	7	encode_ns	6041565	ns
cardinality	10000	7	bytes	547780	bytes
cardinality	10000	8	encode_ns	3946133	ns
cardinality	10000	8	bytes	547780	bytes
cardinality	10000	9	encode_ns	4471899	ns
cardinality	10000	9	bytes	547780	bytes
cardinality	10000	10	encode_ns	3831291	ns
cardinality	10000	10	bytes	547780	bytes
cardinality	100000	1	encode_ns	45254138	ns
cardinality	100000	1	bytes	5677780	bytes
cardinality	100000	2	encode_ns	58528810	ns
cardinality	100000	2	bytes	5677780	bytes
cardinality	100000	3	encode_ns	57563170	ns
cardinality	100000	3	bytes	5677780	bytes
cardinality	100000	4	encode_ns	50463050	ns
cardinality	100000	4	bytes	5677780	bytes
cardinality	100000	5	encode_ns	46481498	ns
cardinality	100000	5	bytes	5677780	bytes
cardinality	100000	6	encode_ns	45718299	ns
cardinality	100000	6	bytes	5677780	bytes
cardinality	100000	7	encode_ns	51261631	ns
cardinality	100000	7	bytes	5677780	bytes
cardinality	100000	8	encode_ns	48684156	ns
cardinality	100000	8	bytes	5677780	bytes
cardinality	100000	9	encode_ns	44985830	ns
cardinality	100000	9	bytes	5677780	bytes
cardinality	100000	10	encode_ns	47359165	ns
cardinality	100000	10	bytes	5677780	bytes
concurrent_scrape	1	1	wall_ns	11286	ns
concurrent_scrape	1	2	wall_ns	1588	ns
concurrent_scrape	1	3	wall_ns	1040	ns
concurrent_scrape	1	4	wall_ns	1530	ns
concurrent_scrape	1	5	wall_ns	1058	ns
concurrent_scrape	1	6	wall_ns	1031	ns
concurrent_scrape	1	7	wall_ns	922	ns
concurrent_scrape	1	8	wall_ns	714	ns
concurrent_scrape	1	9	wall_ns	943	ns
concurrent_scrape	1	10	wall_ns	1032	ns
concurrent_scrape	2	1	wall_ns	2231	ns
concurrent_scrape	2	2	wall_ns	1729	ns
concurrent_scrape	2	3	wall_ns	1813	ns
concurrent_scrape	2	4	wall_ns	1761	ns
concurrent_scrape	2	5	wall_ns	1613	ns
concurrent_scrape	2	6	wall_ns	1153	ns
concurrent_scrape	2	7	wall_ns	1930	ns
concurrent_scrape	2	8	wall_ns	1757	ns
concurrent_scrape	2	9	wall_ns	3332	ns
concurrent_scrape	2	10	wall_ns	11248	ns
concurrent_scrape	5	1	wall_ns	2585	ns
concurrent_scrape	5	2	wall_ns	1619	ns
concurrent_scrape	5	3	wall_ns	2642	ns
concurrent_scrape	5	4	wall_ns	7200	ns
concurrent_scrape	5	5	wall_ns	2496	ns
concurrent_scrape	5	6	wall_ns	2391	ns
concurrent_scrape	5	7	wall_ns	2279	ns
concurrent_scrape	5	8	wall_ns	2338	ns
concurrent_scrape	5	9	wall_ns	2725	ns
concurrent_scrape	5	10	wall_ns	2147	ns
concurrent_scrape	10	1	wall_ns	5654	ns
concurrent_scrape	10	2	wall_ns	5064	ns
concurrent_scrape	10	3	wall_ns	5135	ns
concurrent_scrape	10	4	wall_ns	5061	ns
concurrent_scrape	10	5	wall_ns	5018	ns
concurrent_scrape	10	6	wall_ns	4738	ns
concurrent_scrape	10	7	wall_ns	4574	ns
concurrent_scrape	10	8	wall_ns	4559	ns
concurrent_scrape	10	9	wall_ns	4582	ns
concurrent_scrape	10	10	wall_ns	4977	ns
file_detection	polling	1	latency_ns	246663	ns
file_detection	polling	2	latency_ns	237989	ns
file_detection	polling	3	latency_ns	302869	ns
file_detection	polling	4	latency_ns	299719	ns
file_detection	polling	5	latency_ns	265072	ns
file_detection	polling	6	latency_ns	154448	ns
file_detection	polling	7	latency_ns	227464	ns
file_detection	polling	8	latency_ns	163255	ns
file_detection	polling	9	latency_ns	235632	ns
file_detection	polling	10	latency_ns	242802	ns
file_detection	inotify	1	latency_ns	288491	ns
file_detection	inotify	2	latency_ns	236279	ns
file_detection	inotify	3	latency_ns	369147	ns
file_detection	inotify	4	latency_ns	479544	ns
file_detection	inotify	5	latency_ns	260361	ns
file_detection	inotify	6	latency_ns	277299	ns
file_detection	inotify	7	latency_ns	330067	ns
file_detection	inotify	8	latency_ns	277413	ns
file_detection	inotify	9	latency_ns	680413	ns
file_detection	inotify	10	latency_ns	266000	ns
file_detection	hybrid	1	latency_ns	410340	ns
file_detection	hybrid	2	latency_ns	275151	ns
file_detection	hybrid	3	latency_ns	345749	ns
file_detection	hybrid	4	latency_ns	259256	ns
file_detection	hybrid	5	latency_ns	583979	ns
file_detection	hybrid	6	latency_ns	272264	ns
file_detection	hybrid	7	latency_ns	185787	ns
file_detection	hybrid	8	latency_ns	239905	ns
file_detection	hybrid	9	latency_ns	277328	ns
file_detection	hybrid	10	latency_ns	487869	ns
initialization	1000	1	latency_ns	1721904	ns
initialization	1000	2	latency_ns	1982956	ns
initialization	1000	3	latency_ns	1512098	ns
initialization	1000	4	latency_ns	1826733	ns
initialization	1000	5	latency_ns	1647504	ns
initialization	1000	6	latency_ns	1275519	ns
initialization	1000	7	latency_ns	1360477	ns
initialization	1000	8	latency_ns	1216021	ns
initialization	1000	9	latency_ns	1494019	ns
initialization	1000	10	latency_ns	1073084	ns
